Job Title,Job URL
We are looking for a JavaScript DeveloperFullstack in ğŸ‡¸ğŸ‡ª Stockholm,https://tretton37.com/jobs/1239820-javascript-developer-fullstack
We are looking for a Frontend Developer in ğŸ‡¸ğŸ‡ª BorlÃ¤nge,https://tretton37.com/jobs/1130593-frontend-developer
We are looking for a Backend Developer in ğŸ‡¸ğŸ‡ª Stockholm,https://tretton37.com/jobs/1130604-backend-developer
"We are looking for a Cloud EngineerAWS, Azure or GCP in ğŸ‡¸ğŸ‡ª Stockholm",https://tretton37.com/jobs/1130605-cloud-engineer-aws-azure-or-gcp
We are looking for a Frontend Developer in ğŸ‡¸ğŸ‡ª Stockholm,https://tretton37.com/jobs/1130609-frontend-developer
We are looking for a UX Designer in ğŸ‡¸ğŸ‡ª Stockholm,https://tretton37.com/jobs/1130611-ux-designer
We are looking for a .NET Developer in ğŸ‡¸ğŸ‡ª Stockholm,https://tretton37.com/jobs/1165504-net-developer
We are looking for a Backend Developer in ğŸ‡¸ğŸ‡ª BorlÃ¤nge,https://tretton37.com/jobs/1130592-backend-developer
We are looking for a iOS Developer in ğŸ‡¸ğŸ‡® Ljubljana,https://tretton37.com/jobs/1318834-ios-developer
We are looking for a Frontend Developer in ğŸ‡¸ğŸ‡® Ljubljana,https://tretton37.com/jobs/1533596-frontend-developer
We are looking for a Full Stack Developer in ğŸ‡¸ğŸ‡® Ljubljana,https://tretton37.com/jobs/1534478-full-stack-developer
We are looking for a DevOps Engineer in ğŸ‡¸ğŸ‡® Ljubljana,https://tretton37.com/jobs/1541074-devops-engineer
We are looking for a Business Developer in ğŸ‡¸ğŸ‡ª Lund,https://tretton37.com/jobs/1543812-business-developer
"We are looking for a DevOps EngineerAWS, Azure or GCP in ğŸ‡¸ğŸ‡ª Lund",https://tretton37.com/jobs/1565429-devops-engineer-aws-azure-or-gcp
We are looking for a JavaScript Developer in ğŸ‡¸ğŸ‡ª Lund,https://tretton37.com/jobs/1565462-javascript-developer
We are looking for a Backend Developer in ğŸ‡¸ğŸ‡ª Lund,https://tretton37.com/jobs/1565505-backend-developer
We are looking for a JavaScript Developer in ğŸ‡¸ğŸ‡ª Helsingborg,https://tretton37.com/jobs/1565523-javascript-developer
We are looking for a Backend Developer in ğŸ‡¸ğŸ‡ª Helsingborg,https://tretton37.com/jobs/1565565-backend-developer
We are looking for a Java Developer in ğŸ‡¸ğŸ‡ª Stockholm,https://tretton37.com/jobs/1594919-java-developer
We are looking for a Talent Acquisition Specialist in ğŸ‡¸ğŸ‡ª Stockholm,https://tretton37.com/jobs/1640413-talent-acquisition-specialist
#Join us,https://tretton37.com/join#vacancies
