Link Title,Link URL
Who we are,https://tretton37.com/who-we-are
What we do,https://tretton37.com/what-we-do
Knowledge sharing,https://tretton37.com/knowledge-sharing
Join,https://tretton37.com/join
Inquire,https://form.typeform.com/to/wmJczaqk
Contact,https://tretton37.com/contact
Events,https://tretton37.com/events
Blog,https://tretton37.com/blog
Leetspeak 2020,https://leetspeak.se
Contact,https://tretton37.com/contact
Leetspeak 2020,http://leetspeak.se
Events,https://tretton37.com/events
Blog,https://tretton37.com/blog
Cookies,https://tretton37.com/cookies
Privacy Policy,https://tretton37.com/privacy-policy
